ID,t=0,t=9,t=11,t=13,t=15,t=17,t=19
YJL009W,0.078,-0.12300000000000001,0.062,-0.161,0.113,0.205,-8.95
YJL216C,-0.545,-1.5730000000000002,-0.098,-0.268,-6.31,1.234,0.441
YGL184C,-1.3219999999999998,-3.467,-0.051,-0.588,-4.2219999999999995,1.594,1.012
YGR225W,-1.061,-4.479,0.735,0.22,-0.285,2.12,0.627
YGR043C,-0.4,-1.345,-0.282,-0.071,0.379,3.9619999999999997,3.122
YKL217W,-0.47100000000000003,-0.046,0.063,-0.161,0.281,3.613,4.249
YDR398W,0.071,-0.027999999999999997,-0.22399999999999998,-0.855,-0.9990000000000001,-1.933,-5.481
YNL194C,-0.19899999999999998,-0.075,0.126,-0.105,0.8190000000000001,4.147,3.7960000000000003
YGR236C,-0.068,-0.39399999999999996,-0.439,-0.298,-0.53,3.681,3.301
YDL204W,-0.32799999999999996,1.063,-0.62,0.551,0.68,4.234,3.477
YAL054C,-1.07,-0.514,-0.22,-0.012,-0.215,1.7409999999999999,4.239
YIL136W,-0.92,-0.526,0.354,-0.006999999999999999,2.573,3.9139999999999997,2.318
YGR243W,-0.32799999999999996,-0.541,-0.6990000000000001,0.039,-0.073,3.605,3.092
YGR248W,-0.23,-0.504,0.54,0.993,1.972,4.372,2.897
YLR174W,-0.092,-0.386,-1.758,0.34700000000000003,0.32799999999999996,1.6540000000000001,3.7680000000000002
YCR021C,-0.7490000000000001,-0.037000000000000005,1.889,1.6980000000000002,1.4169999999999998,3.906,3.685
YJR095W,-0.755,-0.41,0.89,0.073,0.154,1.834,4.24
YNL036W,-0.008,-1.137,-2.302,-2.043,-2.472,1.33,1.464
YKL026C,-0.131,-0.015,-0.07,0.483,0.878,3.843,3.1910000000000003
YFR015C,-0.595,-0.231,0.525,2.102,2.158,3.517,3.261
YMR206W,-0.966,-1.651,-0.185,-0.254,-1.455,1.871,2.575
YBL049W,-0.541,0.244,0.099,-0.008,-0.632,2.9819999999999998,3.1919999999999997
YGL138C,-1.6740000000000002,-2.258,-0.627,-0.563,-3.66,1.05,0.446
YMR114C,-0.452,0.024,1.182,0.07200000000000001,0.341,4.285,1.676
YLR149C,-0.18600000000000003,-0.107,-0.35600000000000004,0.8959999999999999,0.43799999999999994,3.1719999999999997,3.392
YKR097W,-0.124,-0.13,0.22399999999999998,0.146,0.07400000000000001,0.5529999999999999,4.283
YGR088W,0.218,0.19699999999999998,0.077,0.982,1.393,3.937,3.389
YFL014W,-0.078,0.5,0.561,1.766,2.508,3.716,3.8489999999999998
YLR377C,-0.247,0.057,0.19699999999999998,-0.045,0.266,0.667,4.28
YKL187C,0.051,0.146,0.18899999999999997,0.035,-0.442,2.306,3.8339999999999996
YML128C,-0.023,0.154,1.061,1.999,1.735,3.8280000000000003,3.824
YOR215C,0.188,0.128,0.298,0.9690000000000001,1.517,3.984,3.319
YDR171W,0.17800000000000002,0.27699999999999997,0.33299999999999996,1.1740000000000002,1.295,3.7889999999999997,3.677
YBL015W,-0.049,0.287,-0.066,0.301,0.623,2.9219999999999997,3.7680000000000002
YLR327C,-0.133,-0.21,0.076,1.2429999999999999,1.578,3.568,3.116
YER150W,0.049,0.282,1.1909999999999998,1.8630000000000002,2.101,3.847,3.832
YNL200C,-0.196,0.28,0.36200000000000004,1.5330000000000001,1.855,3.9530000000000003,3.0
YER024W,-0.222,-0.004,0.23199999999999998,-0.196,-0.843,1.565,3.635
YER065C,-0.01,0.4,0.465,0.309,0.446,0.68,4.354
YLR312C,-0.784,-1.757,0.187,0.6809999999999999,0.509,1.69,2.783
YML054C,-0.49,-0.159,0.527,0.113,0.358,2.6060000000000003,3.39
YBR132C,-1.4969999999999999,-1.8130000000000002,0.5720000000000001,0.327,0.23199999999999998,1.694,2.174
YJL089W,-0.6509999999999999,-0.366,-0.212,-0.17300000000000001,0.616,1.325,3.563
YBR072W,0.044000000000000004,0.624,0.305,1.246,1.911,3.802,3.313
YDR219C,-0.133,-1.37,0.25,0.433,-2.327,1.8659999999999999,1.399
YBL064C,0.413,0.22899999999999998,0.6509999999999999,1.127,1.146,3.7960000000000003,3.437
YMR250W,-0.024,0.44799999999999995,1.024,2.069,2.888,3.373,3.642
YAL034C,-0.235,0.48700000000000004,-0.184,-0.669,-1.006,2.369,2.611
YMR170C,0.207,0.299,0.15,0.657,1.032,3.806,2.736
YIR039C,-0.27,-1.5659999999999998,0.9159999999999999,1.33,1.162,2.3280000000000003,2.498
YGL170C,-2.336,-1.565,0.07400000000000001,-0.503,-2.424,1.1159999999999999,0.5720000000000001
YNL117W,-0.22699999999999998,-0.27399999999999997,0.34299999999999997,-0.10400000000000001,0.111,0.92,3.696
YLR080W,-0.552,-0.72,-0.113,0.42700000000000005,0.052000000000000005,2.9760000000000004,2.123
YBL043W,-0.435,0.017,-0.182,-0.01,-0.624,2.29,2.858
YHR096C,-0.163,-0.275,0.616,0.602,-0.31,1.841,3.498
YOR032C,-0.8170000000000001,-2.225,0.727,0.083,-0.031,1.974,1.357
YBL048W,-0.18600000000000003,0.307,-0.252,-0.018000000000000002,-0.23,2.972,2.528
YGL158W,-0.7120000000000001,-2.4459999999999997,0.307,0.069,-0.72,1.46,1.578
YNL015W,-0.012,-0.18899999999999997,0.47100000000000003,1.058,1.4380000000000002,3.5460000000000003,2.68
YOR100C,-0.878,-1.168,0.032,0.10300000000000001,0.271,1.93,2.625
YBR147W,-0.125,0.40399999999999997,-0.175,0.217,0.701,3.082,2.89
YLR267W,-0.094,0.057999999999999996,0.081,0.057,-0.514,1.986,3.2769999999999997
YMR107W,-0.40299999999999997,-0.099,-0.34299999999999997,-0.11,-0.018000000000000002,2.46,2.7969999999999997
YMR322C,-0.747,-1.334,-0.9940000000000001,-0.13699999999999998,-0.41700000000000004,1.883,2.0869999999999997
YEL011W,-0.254,-0.003,0.47600000000000003,1.1059999999999999,1.058,2.87,3.3110000000000004
YLR258W,0.133,0.457,0.402,2.097,2.275,3.533,3.045
YER067W,0.004,0.295,0.741,1.3419999999999999,0.924,3.522,3.049
YKL133C,-0.125,-0.038,0.431,0.28,-2.364,1.865,1.413
YHL021C,-0.348,0.139,0.787,1.284,1.297,3.263,2.987
YBR241C,-0.738,-0.18,0.387,0.371,0.18100000000000002,3.148,1.985
YPL012W,0.146,-0.111,-0.235,-1.014,-1.405,-3.278,-2.823
YIL101C,-0.9229999999999999,-0.44799999999999995,0.0,0.628,-0.20199999999999999,2.1719999999999997,2.5980000000000003
YBR051W,-0.12300000000000001,0.33299999999999996,-0.179,-0.188,-1.256,0.521,3.072
YCR010C,-0.872,-0.475,0.142,-0.037000000000000005,0.493,1.048,3.1860000000000004
YLR178C,-0.14800000000000002,-0.064,-0.14800000000000002,0.996,1.564,3.177,2.411
YDL085W,-0.071,1.3230000000000002,-0.032,0.096,0.065,2.197,3.261
YPL060W,-0.831,-2.645,0.402,0.24100000000000002,-0.354,1.0270000000000001,1.224
YFL054C,-0.726,-0.43200000000000005,-0.386,-0.07,0.3,2.824,1.681
YMR105C,0.133,0.665,0.7120000000000001,2.006,1.992,3.6060000000000003,3.115
YDR533C,0.028999999999999998,0.18600000000000003,0.54,0.647,0.19399999999999998,3.156,2.753
YMR081C,-0.605,-0.156,0.981,0.456,1.6480000000000001,2.582,2.79
YIL166C,-0.882,-1.032,0.763,-0.066,-2.079,1.544,1.091
YDR178W,-0.098,-0.063,0.54,1.1440000000000001,1.3719999999999999,2.948,3.054
YNR001C,0.253,0.489,0.565,0.9490000000000001,1.521,2.825,3.667
YPL273W,0.151,0.326,2.6719999999999997,0.075,0.48700000000000004,-1.092,-1.306
YLR180W,0.248,0.358,0.149,-0.6759999999999999,-0.841,-2.588,-2.7060000000000004
YDR536W,-0.647,-0.828,0.006999999999999999,-0.7490000000000001,-0.542,0.43799999999999994,2.8339999999999996
YKL085W,0.102,0.168,0.251,1.153,1.743,3.036,3.032
YLL026W,0.068,0.115,-0.27899999999999997,1.065,1.3119999999999998,2.506,3.102
YGL059W,-0.943,-1.575,0.5539999999999999,0.39299999999999996,-0.506,1.876,1.625
YDR258C,-0.14400000000000002,0.37,-0.304,1.111,0.934,2.736,2.8789999999999996
YOL032W,-0.03,0.111,0.138,0.452,0.552,3.215,2.303
YGR092W,0.483,0.146,0.05,-0.794,-1.567,-2.123,-2.861
YLR413W,0.276,0.41700000000000004,0.44299999999999995,-0.46299999999999997,-0.4,-2.398,-2.459
YHR087W,-0.387,-0.33799999999999997,-0.109,0.326,1.187,3.116,1.389
YFL030W,-0.9570000000000001,-0.7240000000000001,0.136,-0.067,0.47,1.2309999999999999,2.7430000000000003
YGR160W,0.391,0.225,-0.345,-1.341,-1.3419999999999999,-2.551,-2.773
YAL067C,-1.537,-2.9219999999999997,-0.581,-0.94,-1.422,0.672,0.556
YCR005C,-0.514,-0.3,0.054000000000000006,-0.179,-0.861,1.156,2.761
YLR142W,-0.10800000000000001,-0.27,-0.713,0.003,0.08900000000000001,0.863,3.052
YNL144C,-0.5670000000000001,-0.256,-0.17800000000000002,0.353,0.958,2.383,2.47
YGL259W,-0.126,-0.2,0.401,0.8909999999999999,0.6729999999999999,2.059,3.24
YDL169C,-0.804,-0.8959999999999999,-0.345,-0.198,0.031,2.039,2.004
YKL109W,0.258,0.703,1.014,0.995,1.215,2.9619999999999997,3.603
YBR183W,-0.35600000000000004,-0.409,0.395,1.2890000000000001,1.2590000000000001,3.01,1.9140000000000001
YOR177C,-0.7659999999999999,-1.518,0.555,0.401,-0.03,1.7380000000000002,1.883
YML042W,-0.5920000000000001,-0.37,0.311,-0.084,-0.445,1.7719999999999998,2.5810000000000004
YBL078C,-0.322,-0.026000000000000002,0.026000000000000002,0.55,1.107,2.6460000000000004,2.582
YGL191W,0.10400000000000001,0.063,-0.031,0.245,1.196,2.6180000000000003,2.781
YNL274C,0.07400000000000001,-0.085,0.423,0.9520000000000001,1.273,3.3289999999999997,2.167
YDR043C,-0.134,0.07,-0.073,0.23800000000000002,-0.23,2.873,1.944
YNL160W,0.305,0.38799999999999996,1.045,1.705,2.056,3.239,3.2439999999999998
YJL045W,-0.35700000000000004,-0.265,0.474,0.09699999999999999,0.079,1.5430000000000001,3.0189999999999997
YJR096W,-0.32899999999999996,-0.026000000000000002,0.107,0.607,1.401,3.0669999999999997,1.771
YDL037C,0.185,1.3,-0.13699999999999998,-1.486,-1.929,-1.6,-1.535
YLL041C,0.013999999999999999,0.124,0.45,1.3030000000000002,1.726,2.67,2.991
YGR066C,-0.384,-1.078,0.256,-0.149,-0.6859999999999999,2.092,1.686
YMR290C,0.191,-0.086,-0.33,-1.002,-1.319,-2.735,-2.7119999999999997
YDR529C,0.21,0.266,0.305,1.094,1.38,2.8510000000000004,2.9960000000000004
YLR270W,0.157,0.05,0.134,0.9440000000000001,1.194,3.312,1.9480000000000002
YNL141W,-0.11,0.09699999999999999,-0.19,-1.057,-1.1320000000000001,-2.7739999999999996,-2.682
YPR184W,-0.195,0.165,-0.33299999999999996,0.42100000000000004,0.858,1.633,3.028
YER053C,-0.161,0.46,0.992,1.768,2.399,2.51,3.065
YPL119C,-0.19899999999999998,-0.772,0.01,-0.299,-0.615,1.61,2.301
YCR079W,-2.0909999999999997,-1.3159999999999998,0.29100000000000004,-0.402,0.045,1.254,0.838
YNR007C,-0.149,-0.22399999999999998,-0.106,0.317,0.10800000000000001,2.509,2.231
YJL103C,-0.332,0.146,-0.079,0.243,0.865,2.229,2.668
YLL045C,0.243,-0.047,-0.171,0.099,0.17,-1.89,-2.6919999999999997
YOR049C,-0.42700000000000005,-0.535,0.56,0.473,1.069,2.503,2.173
YOR309C,0.27,0.297,0.152,-0.43700000000000006,-0.139,-2.0340000000000003,-2.569
YJL109C,-0.027999999999999997,0.14300000000000002,-0.198,-0.9790000000000001,-0.865,-3.216,-1.6340000000000001
YBR116C,0.07,0.322,0.21899999999999997,-0.023,-0.19399999999999998,2.0180000000000002,2.7969999999999997
YEL070W,-1.183,-0.809,0.461,-0.26,-1.01,1.733,1.357
YOR178C,-0.03,0.047,0.40299999999999997,0.495,0.59,2.71,2.585
YJL067W,-0.268,-0.192,-0.292,0.163,0.24100000000000002,2.258,2.309
YNL173C,-0.008,-0.069,0.013999999999999999,1.101,1.159,2.9130000000000003,2.154
YEL012W,-0.17600000000000002,-0.10800000000000001,0.105,0.253,-0.091,1.6869999999999998,2.842
YOR310C,0.222,0.038,0.261,-0.375,-0.45799999999999996,-1.8119999999999998,-2.782
YLR311C,-0.249,-0.36700000000000005,-0.23199999999999998,0.38,-0.627,1.47,2.503
YMR104C,-0.6940000000000001,-1.9369999999999998,0.568,0.49,0.156,1.423,1.175
YJL037W,-0.608,-1.733,-1.3090000000000002,0.171,0.718,1.22,0.973
YNR073C,-0.48700000000000004,-0.23199999999999998,-0.265,-0.131,-0.009000000000000001,2.517,1.584
YDR191W,-0.436,-0.221,-0.08199999999999999,-0.419,-3.01,0.265,0.385
YOL084W,-0.312,0.141,0.17600000000000002,0.248,0.293,1.514,2.9989999999999997
YIL113W,-0.278,-0.209,-0.483,0.172,0.483,2.509,1.815
YGR008C,-0.001,0.129,0.483,1.3880000000000001,1.485,2.943,2.5
YGR053C,-2.035,-1.028,0.34700000000000003,0.017,-0.062,1.131,1.1440000000000001
YLR196W,0.33299999999999996,0.252,0.21,-0.6990000000000001,-0.8809999999999999,-1.575,-2.767
YDL199C,0.018000000000000002,0.34299999999999997,0.379,0.39799999999999996,-0.166,2.07,2.842
YIL125W,0.284,0.581,0.304,0.322,0.8290000000000001,1.57,3.4210000000000003
YCR019W,-0.818,-2.5610000000000004,0.264,-0.196,-1.032,0.7440000000000001,0.45299999999999996
YLR340W,0.266,0.395,0.39899999999999997,0.11199999999999999,-0.21899999999999997,-1.745,-2.387
YFR018C,-1.057,-2.4459999999999997,0.168,-1.16,-0.38,0.843,0.474
YHL015W,0.223,0.312,0.011000000000000001,0.147,0.038,-1.722,-2.511
YDR418W,0.275,0.243,0.218,0.051,0.017,-1.6780000000000002,-2.5140000000000002
YNL052W,-0.19,-0.07400000000000001,-0.17600000000000002,0.282,0.902,1.867,2.6860000000000004
YBR238C,0.21899999999999997,1.08,0.3,-0.62,-0.856,-1.6369999999999998,-2.099
YGL062W,0.1,0.313,-1.161,-0.65,-0.594,-0.693,2.224
YLR307W,-1.1520000000000001,-1.084,-0.237,-0.065,-0.045,1.9409999999999998,1.149
YGR264C,0.499,0.429,-0.083,-0.564,-0.612,-2.522,-1.778
YBR169C,0.066,-0.071,-0.018000000000000002,0.866,1.1059999999999999,2.585,2.411
YGR070W,-0.17600000000000002,0.055,-0.36700000000000005,0.27,0.733,2.041,2.509
YOR374W,0.07,0.56,0.266,1.2109999999999999,1.624,2.6519999999999997,2.88
YIL053W,0.34,0.023,-0.337,-0.743,-1.022,-2.307,-2.573
YBR280C,-0.32799999999999996,-0.345,-0.201,0.154,-0.303,2.377,1.6669999999999998
YLR341W,-0.508,0.017,0.787,0.413,-2.322,0.951,0.408
YJR008W,-0.746,-0.746,0.479,0.162,-0.342,1.931,1.781
YHR051W,0.27399999999999997,0.223,0.11699999999999999,0.607,1.008,2.302,2.9339999999999997
YPL123C,-0.25,-0.071,0.369,0.9359999999999999,1.9269999999999998,2.4859999999999998,2.147
YKR076W,-0.135,-0.205,0.26899999999999996,0.5760000000000001,0.547,2.004,2.728
YOR019W,-0.267,-0.086,0.728,-0.11900000000000001,0.418,1.864,2.6460000000000004
YBR203W,-0.368,-0.517,-0.341,-0.015,-0.19399999999999998,2.114,1.811
YPR137W,0.147,-0.19399999999999998,-0.303,-0.7040000000000001,-0.748,-1.733,-3.071
YER079W,-0.39,-0.588,0.153,0.41100000000000003,0.722,1.939,2.3280000000000003
YNL134C,0.172,0.218,0.047,0.309,0.516,2.516,2.503
YOL053C,-0.055999999999999994,-0.079,0.008,1.122,1.217,2.615,2.206
YFR033C,0.132,-0.02,-0.065,0.522,0.912,2.5380000000000003,2.376
YDL223C,-0.011000000000000001,0.72,0.062,-0.053,-0.574,1.541,2.6
YGR174C,-0.135,-0.133,-0.025,0.584,0.81,2.465,2.259
YIL111W,-0.02,0.34700000000000003,0.701,1.3630000000000002,1.8719999999999999,3.2889999999999997,1.5619999999999998
YLR048W,0.39399999999999996,0.307,0.35600000000000004,0.081,-0.066,-1.8559999999999999,-2.181
YKR101W,-0.133,-1.381,-1.358,0.33799999999999997,0.031,1.5319999999999998,1.037
YML120C,-0.136,-0.324,-0.319,0.369,0.932,1.875,2.406
YNR071C,-0.726,-0.294,-0.304,0.026000000000000002,-0.08199999999999999,2.47,1.026
YNL009W,0.005,-0.113,-0.084,0.092,-0.13,1.6280000000000001,2.612
YNL195C,-0.284,-0.215,-0.195,0.105,0.243,0.8590000000000001,2.7910000000000004
YBR298C,-0.35600000000000004,-0.14400000000000002,0.261,-0.24,0.525,1.695,2.526
YDR144C,0.193,0.147,-0.423,-0.672,-0.978,-2.502,-2.322
YLR356W,-0.069,0.5660000000000001,0.5479999999999999,1.078,1.2890000000000001,3.088,2.27
YGR146C,0.08,0.187,-0.24100000000000002,-0.66,-0.359,1.729,2.15
YKL103C,-0.011000000000000001,0.258,0.488,1.226,2.079,2.798,2.171
YKL193C,-0.002,0.023,-0.365,0.433,0.841,2.594,1.86
YGR067C,0.066,-0.09,0.08199999999999999,-0.133,-0.134,0.7879999999999999,2.8339999999999996
YLR164W,-0.299,0.643,-0.377,0.225,0.102,2.262,2.066
YGL037C,0.255,0.414,0.18899999999999997,1.382,1.77,2.9589999999999996,2.256
YNR053C,0.249,0.557,0.214,-0.306,-0.414,-1.683,-2.336
YGL162W,-1.4609999999999999,-1.806,-0.069,-0.8390000000000001,-1.665,0.875,0.46399999999999997
YGR052W,-0.873,-0.5539999999999999,0.8370000000000001,0.349,0.158,1.857,1.858
YLR062C,0.245,0.031,-0.027999999999999997,-0.138,0.136,-1.868,-2.3680000000000003
YDL233W,-0.9,-0.391,0.26899999999999996,-0.193,-0.21899999999999997,1.2,2.198
YCL040W,-0.593,-0.177,0.7959999999999999,1.036,2.168,2.015,1.693
YKL093W,-0.142,0.467,0.20600000000000002,0.161,-0.03,2.251,2.314
YPL221W,0.551,1.038,1.874,0.142,-0.155,-1.534,0.7040000000000001
YJL164C,-0.46799999999999997,-0.8370000000000001,0.18600000000000003,1.354,0.809,1.8869999999999998,1.6740000000000002
YLR339C,0.375,0.535,0.214,0.006,-0.40299999999999997,-1.723,-2.1390000000000002
YFL055W,-1.742,-0.61,0.184,-0.322,-0.264,1.139,1.338
YJR011C,0.294,-2.028,0.111,0.29600000000000004,0.028999999999999998,1.5,0.446
YDR330W,-0.16699999999999998,0.09699999999999999,-0.265,0.099,-0.08800000000000001,2.5839999999999996,1.297
YML123C,0.568,0.455,0.469,-0.361,-0.47100000000000003,-2.239,-1.3159999999999998
YPR030W,-0.337,-0.003,-0.254,-0.32299999999999995,-0.14300000000000002,1.301,2.367
YDL208W,0.098,-0.044000000000000004,-0.04,-0.38299999999999995,-0.251,-2.185,-2.312
YKL151C,-0.031,0.198,0.507,0.8320000000000001,0.975,2.799,2.188
YLR013W,-0.531,-0.7979999999999999,-0.545,-0.174,-2.52,0.757,0.354
YNL270C,-0.608,-0.34299999999999997,0.501,-0.081,-1.952,1.074,0.9520000000000001
YGL134W,-1.063,-1.9409999999999998,0.40700000000000003,0.113,0.195,0.9,0.83
YBL045C,0.09,0.028999999999999998,0.609,0.745,0.602,1.876,2.907
YPL220W,0.08199999999999999,0.039,0.304,-0.21,0.198,-1.55,-2.396
YKL141W,0.42,0.294,0.5870000000000001,0.981,1.4909999999999999,2.174,3.1260000000000003
YGL146C,-1.7,-1.046,0.027000000000000003,0.287,-0.35100000000000003,0.943,1.2209999999999999
YDR148C,-0.569,-0.034,0.301,-0.049,0.153,2.154,1.8780000000000001
YJL144W,-0.35200000000000004,-0.379,0.239,0.41700000000000004,0.161,2.4219999999999997,1.574
YLR449W,0.02,0.0,0.057,-1.016,-0.785,-2.6189999999999998,-1.8659999999999999
YBR117C,0.45299999999999996,0.657,0.649,0.245,-0.11199999999999999,1.756,2.8930000000000002
YFL052W,-1.036,-1.045,-0.14800000000000002,-0.499,-0.57,0.8590000000000001,1.743
YDR070C,0.096,0.265,-0.025,0.22399999999999998,0.511,2.494,2.108
YGR201C,-0.069,-0.43,0.745,0.41,0.348,2.296,2.061
YLR345W,-0.114,0.185,0.19699999999999998,0.997,1.452,2.233,2.483
YGR142W,-0.21600000000000003,0.022000000000000002,0.121,0.389,1.058,1.9969999999999999,2.436
YFL011W,-1.337,-0.92,0.228,-0.263,-0.54,1.254,1.351
YOR065W,0.21100000000000002,0.087,0.239,0.46399999999999997,1.239,1.8030000000000002,2.846
YIL122W,-0.585,-1.166,-0.8759999999999999,-0.607,-0.265,1.4069999999999998,1.2770000000000001
YIL097W,-0.413,0.10099999999999999,-0.327,-0.11,-0.156,1.985,1.835
YGR244C,0.081,0.235,0.767,1.176,1.9469999999999998,2.593,2.48
YGR148C,0.258,0.29600000000000004,-0.026000000000000002,-0.091,-0.032,-1.75,-2.234
YCL025C,0.013999999999999999,-0.057,0.384,0.294,1.16,0.963,2.906
YKL148C,0.006,0.222,0.45,0.555,1.5319999999999998,2.339,2.498
YPL109C,-0.354,-0.33399999999999996,0.551,0.42700000000000005,-0.815,1.6030000000000002,1.919
YNL065W,0.055,0.396,-0.287,-0.795,0.004,-2.147,-2.045
YBR296C,-0.617,-0.325,0.5720000000000001,-0.963,-1.085,0.195,1.8459999999999999
YDR316W,-0.493,-0.46299999999999997,0.501,0.065,-0.672,2.283,0.672
YLL044W,0.327,0.22899999999999998,-0.248,-0.23800000000000002,-0.461,-2.05,-2.154
YMR056C,-0.057,-0.048,0.25,0.48,1.178,1.601,2.725
YKR058W,0.053,0.10400000000000001,0.262,0.594,0.897,2.5860000000000003,2.171
YNL119W,0.18899999999999997,0.153,0.251,-0.011000000000000001,0.013999999999999999,-1.415,-2.3680000000000003
YBR056W,-0.611,-0.63,0.48200000000000004,1.173,0.9640000000000001,1.784,1.8259999999999998
YGR214W,0.32299999999999995,0.42200000000000004,0.371,-0.154,-0.062,-1.61,-2.084
YJL161W,0.054000000000000006,-0.021,0.023,0.493,0.508,2.18,2.331
YBR181C,0.243,0.253,0.129,0.29100000000000004,0.375,-1.521,-2.083
YMR030W,-0.5760000000000001,-0.593,-0.24,-0.044000000000000004,0.142,1.976,1.501
YNL002C,-0.035,-0.21,-0.34299999999999997,-0.9890000000000001,-0.6709999999999999,-2.77,-2.0069999999999997
YNL096C,0.185,0.069,-0.41100000000000003,-0.297,-0.14800000000000002,-2.14,-2.19
YDL215C,-0.136,0.052000000000000005,-0.415,-0.019,0.027000000000000003,0.205,2.597
YIL162W,0.142,0.48700000000000004,0.7440000000000001,0.588,0.747,3.083,1.785
YAR073W,0.395,0.536,0.42200000000000004,0.113,-0.226,-1.681,-1.857
YEL039C,-0.257,-0.345,-0.268,0.172,0.47200000000000003,2.153,1.719
YPL223C,-0.083,-0.115,-0.11699999999999999,0.311,0.28,1.7480000000000002,2.391
YMR191W,0.079,0.23399999999999999,0.524,0.76,0.8,2.1630000000000003,2.758
YGR110W,0.198,0.228,0.485,0.14,-0.134,1.671,2.627
YLR249W,0.127,0.322,0.035,-0.561,0.168,-1.396,-2.381
YFR017C,-0.65,-0.455,-0.494,-0.051,0.455,1.331,1.98
YER035W,-0.12300000000000001,-0.033,-0.19399999999999998,0.087,0.865,2.404,1.5959999999999999
YOL120C,0.32799999999999996,-0.006,0.34299999999999997,0.066,-0.363,-1.8230000000000002,-2.039
YLR304C,0.26,0.584,0.424,1.253,1.479,2.0140000000000002,3.085
YDR259C,-0.292,-0.971,-0.612,0.46299999999999997,-1.676,0.826,1.082
YLR355C,0.425,0.175,-0.542,-1.047,-1.005,-2.401,-1.7590000000000001
YDR272W,0.016,0.132,0.301,0.64,0.73,2.783,1.722
YER131W,0.43,0.22699999999999998,0.39899999999999997,0.265,0.225,-1.287,-2.083
YKL142W,-0.001,0.29600000000000004,0.177,0.743,1.541,2.75,1.653
YJL177W,0.391,0.33,0.057,-0.21600000000000003,-0.392,-1.858,-2.013
YPL054W,-0.41100000000000003,-0.51,-0.049,-0.149,-0.071,0.8390000000000001,2.322
YBR189W,0.10099999999999999,-0.14,-0.06,-0.07200000000000001,-0.317,-1.953,-2.286
YDR030C,-0.638,-0.614,0.21899999999999997,0.055999999999999994,-0.019,2.086,1.254
YER036C,0.326,0.447,-0.41100000000000003,-0.746,-0.995,-2.191,-1.8130000000000002
YJR123W,0.165,0.373,0.09,-0.184,-0.17300000000000001,-1.7890000000000001,-2.097
YDR417C,0.349,0.341,0.002,-0.14400000000000002,-0.001,-1.6,-2.146
YHR216W,0.363,0.444,0.26899999999999996,-0.273,-0.11199999999999999,-1.824,-1.848
YML063W,0.278,0.245,0.298,0.20199999999999999,0.19899999999999998,-1.5119999999999998,-2.032
YMR232W,-0.602,-1.609,0.22899999999999998,0.015,-0.555,1.2690000000000001,1.015
YBR046C,-0.111,0.9329999999999999,-0.7020000000000001,0.124,0.177,1.929,1.806
YIL087C,-0.26,-0.161,0.158,0.636,0.815,2.13,2.095
YLR175W,0.375,0.51,0.6759999999999999,-0.12,-0.174,-1.355,-1.9409999999999998
YBL010C,-2.174,-0.9259999999999999,0.29,-0.43799999999999994,-0.174,0.5710000000000001,0.626
YDR031W,-0.23600000000000002,0.086,0.152,0.363,0.9620000000000001,2.506,1.6769999999999998
YHL033C,0.414,0.315,0.086,0.032,-0.265,-1.544,-2.128
YLR299W,-0.131,0.177,-0.172,0.431,1.218,1.7469999999999999,2.378
YLR325C,0.102,0.215,0.045,0.222,-0.071,-1.5219999999999998,-2.221
YPL185W,-0.505,-0.344,-0.363,0.255,-0.231,1.692,1.766
YMR090W,-0.11699999999999999,-0.10800000000000001,0.595,0.46799999999999997,1.3459999999999999,2.57,1.642
YLR217W,0.287,0.231,-0.289,0.109,0.27,2.22,1.979
YDR018C,-0.462,1.015,-0.215,-0.305,-0.4,1.4569999999999999,1.841
YDL238C,-1.4569999999999999,-0.8590000000000001,0.306,0.166,0.244,1.213,1.183
YDR231C,-0.179,-0.20800000000000002,-0.049,0.457,0.929,2.102,1.959
YIL107C,-0.14400000000000002,-0.044000000000000004,-0.16,0.655,1.104,1.919,2.1790000000000003
YOR289W,-0.106,0.006,0.625,0.716,0.732,2.399,2.164
YPL087W,0.122,0.319,1.311,1.351,1.5230000000000001,2.755,2.459
YNL301C,0.276,-0.054000000000000006,0.161,-0.09,-0.32,-1.8719999999999999,-2.08
YMR311C,0.037000000000000005,-0.158,-0.027000000000000003,0.225,0.29600000000000004,2.289,1.7930000000000001
YLR409C,0.27399999999999997,0.391,0.20600000000000002,-0.858,-0.787,-2.021,-1.732
YMR121C,0.41200000000000003,0.081,0.266,0.522,0.14300000000000002,-1.296,-2.0180000000000002
YER182W,-0.327,-0.18899999999999997,-0.22,0.19399999999999998,0.43700000000000006,2.181,1.585
YLR432W,0.424,0.419,0.302,-0.10099999999999999,-0.165,-1.777,-1.7719999999999998
NORF54,-0.06,-0.037000000000000005,0.065,0.6659999999999999,1.1740000000000002,1.5859999999999999,2.5380000000000003
YPR149W,0.21,0.207,0.305,0.998,1.171,2.113,2.677
YNL175C,0.262,-0.05,0.064,-0.46,-0.738,-1.804,-2.292
YMR110C,0.1,0.37,0.239,0.5820000000000001,1.128,2.401,2.339
YOR031W,0.057,-0.055999999999999994,-0.204,-0.027999999999999997,0.341,2.146,1.8090000000000002
YJL048C,-0.588,-0.9440000000000001,0.82,0.228,-0.28300000000000003,1.546,1.382
YDR343C,0.21,0.821,1.227,2.131,1.788,2.305,3.083
YBR191W,0.16,-0.078,-0.02,-0.051,-0.318,-1.736,-2.278
YMR217W,0.221,0.142,0.10099999999999999,-0.8759999999999999,-1.058,-1.5490000000000002,-2.318
YBR297W,-1.1159999999999999,-0.8590000000000001,0.6970000000000001,-0.166,-0.193,0.9490000000000001,1.528
YPL036W,-0.2,-0.758,-0.213,-0.397,-0.92,-2.9819999999999998,-0.596
YPL131W,0.11900000000000001,0.37200000000000005,0.065,-0.627,-0.009000000000000001,-1.604,-2.1519999999999997
YFR031BC,0.33299999999999996,0.501,0.672,0.18,0.198,-1.317,-1.801
YER0441C,-1.0270000000000001,-0.24100000000000002,0.239,-0.662,-1.459,1.44,0.301
YLR129W,-0.281,-0.203,-0.376,-0.722,-0.667,-2.79,-1.825
YBR138C,-0.9229999999999999,0.187,0.271,-0.19,-1.767,1.135,0.518
YDR060W,0.011000000000000001,0.046,-0.08800000000000001,-0.585,-0.659,-2.233,-2.053
YOR312C,0.295,-0.008,0.16399999999999998,-0.184,-0.226,-1.537,-2.235
YEL024W,0.175,0.37,0.49,1.0979999999999999,1.3130000000000002,2.142,2.753
YFR023W,-1.128,0.685,-0.163,-0.519,-1.261,0.997,0.982
YGR289C,-0.541,-0.47700000000000004,-0.006,-0.318,-0.336,1.761,1.433
YAL061W,-0.532,0.027999999999999997,-0.33299999999999996,-0.102,1.172,2.0869999999999997,0.992
YCL060C,-1.0190000000000001,-2.438,-0.128,-0.19,-0.565,0.569,-0.096
YJL102W,-0.32,-0.45,-0.005,0.483,0.889,1.817,1.886
YNL302C,0.715,0.389,0.27899999999999997,0.247,0.366,-1.122,-1.868
YDR085C,-0.615,-0.134,0.7,0.193,1.062,1.936,1.796
YDR513W,0.13699999999999998,0.203,0.212,0.552,1.126,2.318,2.258
YBR063C,-0.336,-0.8420000000000001,0.377,-0.267,-1.955,0.638,0.7909999999999999
YDL218W,-0.23600000000000002,0.20800000000000002,-0.131,-0.39,-0.162,1.6269999999999998,1.931
YBR006W,-0.665,-0.7240000000000001,0.419,0.505,0.499,1.53,1.755
YBL108W,0.1,0.244,0.32799999999999996,0.442,1.2409999999999999,0.993,2.839
YJR073C,-0.063,0.10099999999999999,0.643,1.207,1.723,2.306,2.145
YPR020W,-0.044000000000000004,-0.006999999999999999,0.059000000000000004,0.33799999999999997,0.6990000000000001,1.91,2.262
YDL222C,-0.363,0.29,-1.3840000000000001,-0.669,-0.22899999999999998,1.018,1.3459999999999999
YKL091C,-0.26899999999999996,-0.6759999999999999,0.034,0.9,0.568,2.02,1.42
YBR249C,0.214,0.124,0.061,-0.225,-0.373,-1.98,-1.9240000000000002
YMR131C,0.297,0.17600000000000002,0.244,-0.218,-0.604,-1.268,-2.274
YLR234W,-0.945,-1.062,-0.5670000000000001,-0.21600000000000003,-0.862,1.281,0.981
YDR277C,-0.28,0.10300000000000001,0.423,0.359,1.209,2.1790000000000003,1.992
YEL054C,0.26,0.22,0.254,-0.094,-0.261,-1.585,-2.035
YNL305C,0.006999999999999999,0.302,0.569,0.49200000000000005,1.204,2.74,1.651
YLR198C,0.36200000000000004,0.13,0.361,0.057,0.044000000000000004,-1.3219999999999998,-2.048
YDL234C,-0.757,-0.642,0.499,0.32,-0.156,1.703,1.376
YCR036W,-0.369,-1.645,0.564,0.35200000000000004,0.024,1.156,0.94
YCL035C,0.1,0.401,0.473,0.92,0.723,2.719,1.9380000000000002
YNL093W,-0.488,0.826,0.07,0.363,-0.047,1.9769999999999999,1.817
YGR103W,0.21,-0.006999999999999999,0.23199999999999998,-0.7140000000000001,-0.9329999999999999,-1.669,-2.173
YNL132W,0.159,0.218,-0.057,-0.7390000000000001,-0.973,-1.976,-1.9880000000000002
YPL186C,-0.002,-0.203,0.267,0.295,0.49700000000000005,1.9669999999999999,2.117
YOL040C,0.16699999999999998,0.355,-0.22899999999999998,-0.217,-0.331,-1.476,-2.241
YIL160C,-1.818,-1.207,0.08,-0.632,-0.462,0.6829999999999999,0.6890000000000001
YDR332W,-0.528,-0.040999999999999995,-0.022000000000000002,-0.149,-0.48,2.213,0.315
YGL102C,0.09,-0.065,0.08800000000000001,0.215,0.2,-1.3219999999999998,-2.161
YPL135W,0.1,0.187,-0.155,-0.069,0.069,1.5859999999999999,2.21
YKL081W,0.19,-0.094,-0.07200000000000001,-0.7,-0.48700000000000004,-2.104,-2.013
YIL052C,0.491,0.076,0.19,0.106,-0.077,-1.569,-1.876
YJR130C,-0.6,-1.3230000000000002,0.18,0.409,0.627,1.416,0.981
YJL155C,-0.466,0.028999999999999998,0.452,0.502,1.421,1.795,2.013
YLR168C,-0.006999999999999999,-0.418,0.255,0.348,0.447,1.795,2.09
YGL187C,0.20199999999999999,0.39,0.409,0.8490000000000001,1.285,2.187,2.576
YER110C,0.312,0.247,0.509,-0.38799999999999996,-0.685,-2.048,-1.252
YDR313C,0.044000000000000004,0.27399999999999997,-0.092,-0.215,-0.501,1.827,1.676
YDR106W,-1.5,-1.3869999999999998,0.059000000000000004,-0.159,-0.9329999999999999,0.862,0.5539999999999999
YHR089C,-0.14,-0.217,-0.24,-0.509,-0.23399999999999999,-2.0780000000000003,-2.247
YBR048W,0.22399999999999998,0.27399999999999997,-0.002,-0.21100000000000002,-0.76,-1.524,-2.145
YAL025C,0.35200000000000004,-0.10800000000000001,-0.10099999999999999,-0.665,-0.574,-2.137,-1.8459999999999999
YBR139W,0.172,0.645,0.363,1.319,1.195,2.1719999999999997,2.677
YAR071W,0.541,0.5,0.317,-0.36200000000000004,-1.2209999999999999,-1.463,-1.4969999999999999
YLR029C,0.511,0.34700000000000003,0.385,0.5720000000000001,0.306,-1.0390000000000001,-1.8
YLR367W,0.475,0.401,0.302,0.275,0.20600000000000002,-1.317,-1.774
YDR064W,0.005,-0.038,-0.161,-0.335,-0.324,-2.016,-2.096
YDR273W,-1.3940000000000001,-0.569,0.467,0.33799999999999997,-0.6809999999999999,0.883,1.158
YMR018W,-0.48200000000000004,-1.189,0.267,0.266,0.569,1.739,0.746
YHR011W,-1.5830000000000002,-0.733,0.439,-0.018000000000000002,0.0,0.847,1.101
YMR271C,-0.25,-0.373,0.161,-0.04,0.33,1.755,1.8519999999999999
YJR145C,0.134,0.344,-0.33299999999999996,-0.365,-0.185,-1.469,-2.2359999999999998
YJR155W,0.258,0.08,-0.287,-0.204,-0.312,1.651,1.861
YLR438W,-0.769,-0.6,-0.465,-0.635,-0.469,1.81,0.40399999999999997
YNL069C,-0.048,-0.005,0.21600000000000003,0.005,0.134,-1.037,-2.2969999999999997
NORF7,0.009000000000000001,0.013000000000000001,-0.2,0.629,1.5759999999999998,1.8019999999999998,1.906
YBL100C,0.187,0.295,0.33299999999999996,0.804,1.204,1.359,2.813
NORF4,0.251,0.053,0.285,0.745,0.701,1.995,2.4219999999999997
YDR165W,0.386,0.35600000000000004,0.335,-0.511,-0.743,-2.01,-1.2309999999999999
YAL012W,0.157,0.175,0.467,-0.379,-0.52,-1.2790000000000001,-2.125
YJL136C,0.248,-0.006999999999999999,0.307,0.163,-0.257,-1.4169999999999998,-2.026
YPR150W,-0.306,-0.446,-0.359,0.021,0.14800000000000002,1.619,1.6740000000000002
YIL018W,0.361,0.271,0.193,-0.012,0.085,-1.306,-1.985
YML131W,-0.16,-0.44799999999999995,0.384,0.187,0.11900000000000001,2.112,1.423
YHR128W,0.29600000000000004,0.21600000000000003,0.14300000000000002,-0.528,-0.547,-1.662,-1.969
YBL086C,-0.39799999999999996,-0.611,-0.087,0.032,-0.068,1.729,1.444
YHR203C,0.39,0.45,0.243,-0.087,0.10800000000000001,-1.507,-1.7169999999999999
YDR096W,-0.28300000000000003,-0.373,-0.126,0.32899999999999996,0.106,1.318,2.056
YMR196W,-0.127,0.046,-0.087,1.035,1.125,2.005,1.8840000000000001
YHR215W,0.544,0.555,0.21100000000000002,-0.55,-0.768,-1.899,-1.0290000000000001
YIL133C,0.405,0.254,0.134,-0.135,-0.11900000000000001,-1.5619999999999998,-1.8519999999999999
YOL121C,0.474,0.138,0.042,0.08,0.254,-1.429,-1.8259999999999998
YBR032W,0.054000000000000006,0.20199999999999999,0.317,0.348,0.183,-1.025,-2.039
YJL190C,0.177,-0.081,0.24,0.298,0.14800000000000002,-1.426,-1.906
YOR120W,-0.424,-0.539,-0.215,0.095,0.12,1.9369999999999998,1.123
YEL060C,0.266,-0.643,0.414,0.18899999999999997,0.436,2.073,1.53
NORF20,-0.32899999999999996,0.027999999999999997,-0.425,-0.297,-0.18899999999999997,-2.287,-1.8030000000000002
YLR251W,-0.196,0.06,-0.069,0.511,1.08,2.229,1.445
YJL137C,-0.03,-0.055999999999999994,0.16,0.315,0.48,1.46,2.346
YML091C,-0.043,-0.223,-0.74,0.069,0.648,1.136,1.9080000000000001
YOR220W,0.10400000000000001,0.10400000000000001,0.512,0.693,0.772,2.358,2.028
YHR184W,-1.486,-0.203,0.62,-0.085,-0.18100000000000002,0.953,1.171
YDR256C,-0.774,-0.45399999999999996,0.262,-0.28300000000000003,-0.975,0.91,1.4609999999999999
YGL076C,0.147,-0.384,-0.09300000000000001,-0.597,-0.616,-1.65,-2.376
YBR018C,-0.619,-1.682,-0.043,-0.37,-0.767,0.75,0.903
YOR063W,0.198,0.21899999999999997,0.182,-0.05,-0.059000000000000004,-1.639,-1.81
YGL153W,-0.139,-0.48200000000000004,0.239,0.19699999999999998,-0.043,1.369,2.0069999999999997
YKR059W,0.28300000000000003,0.14,0.41200000000000003,-0.066,-0.242,-1.393,-1.9140000000000001
YJR021C,-0.983,-0.315,0.065,-0.281,0.8,1.6540000000000001,0.884
YDR118W,-0.9309999999999999,-1.1340000000000001,0.48700000000000004,0.14400000000000002,-0.73,1.263,0.546
YDL136W,-0.022000000000000002,0.026000000000000002,-0.11900000000000001,-0.17,0.017,-1.485,-2.187
YDR516C,-0.11,0.24600000000000002,0.38,0.9990000000000001,1.26,2.54,1.443
YPL201C,-0.446,0.10099999999999999,0.727,-0.069,-0.377,1.291,1.909
YJR048W,-0.071,-0.142,-0.042,0.105,0.565,1.3019999999999998,2.226
YMR068W,-0.395,-0.527,-0.359,0.231,-0.027000000000000003,1.7930000000000001,1.2209999999999999
YDR001C,0.233,0.11900000000000001,0.366,1.1059999999999999,1.033,2.2,2.256
YMR118C,-0.08900000000000001,0.06,-0.221,-0.165,-0.158,1.266,2.03
YDL020C,-0.03,-0.6459999999999999,-0.528,-0.311,-0.451,1.344,1.435
YDR101C,0.45,0.292,0.24100000000000002,-0.841,-1.2109999999999999,-1.87,-0.031
YGL123W,0.174,0.41700000000000004,0.358,0.094,0.002,-1.462,-1.703
YLR423C,-0.35100000000000003,-0.187,0.598,0.423,1.131,1.876,1.8
YJL184W,-0.081,-2.169,-0.012,0.016,-0.077,0.606,0.115
YDR024W,-0.395,1.129,-0.39299999999999996,-0.20199999999999999,-0.588,-1.6480000000000001,-1.295
YNL303W,-0.33299999999999996,-0.684,-0.434,-0.39799999999999996,-0.9109999999999999,-2.5269999999999997,-2.081
YGL135W,0.278,0.457,0.633,0.298,0.071,-1.249,-1.595
YHR015W,0.105,-1.25,0.11,-0.27399999999999997,0.8059999999999999,1.093,1.31
YLR076C,0.28300000000000003,0.057999999999999996,0.015,0.27399999999999997,-0.07200000000000001,-1.431,-1.8940000000000001
YBR187W,0.051,0.276,0.578,0.413,0.057999999999999996,-1.389,-1.598
YFL042C,-0.6990000000000001,-1.2109999999999999,-0.077,0.35200000000000004,-0.115,1.219,1.069
YPL262W,0.092,0.064,-0.14,0.133,0.18600000000000003,1.091,2.329
YHR195W,0.095,0.14,0.621,0.35100000000000003,0.45399999999999996,2.4219999999999997,1.675
YPL230W,-0.18100000000000002,-0.077,-0.41100000000000003,0.625,0.44799999999999995,1.5919999999999999,1.8619999999999999
YPR102C,0.326,0.37200000000000005,0.111,0.231,0.282,-1.2309999999999999,-1.781
YML090W,-0.001,-0.07200000000000001,-0.44799999999999995,0.021,0.868,0.879,2.137
YMR093W,0.129,0.055,-0.5670000000000001,-1.071,-1.1179999999999999,-1.885,-2.142
YBL031W,-1.222,-1.847,0.19699999999999998,-0.516,-0.621,0.529,0.38
YPL226W,0.105,0.122,-0.185,-0.6629999999999999,-0.9470000000000001,-1.8630000000000002,-1.995
YFR053C,0.231,0.424,0.301,1.203,1.7719999999999998,2.6060000000000003,0.826
YDL021W,-0.163,0.008,0.522,1.13,1.4680000000000002,2.123,1.755
YBL027W,0.102,-0.003,0.332,0.04,-0.006,-1.048,-2.1069999999999998
YJR121W,0.133,0.20800000000000002,0.185,0.574,0.8270000000000001,1.376,2.55
YPL017C,0.022000000000000002,0.025,-0.253,-0.519,-0.441,-0.745,1.874
YBR155W,0.272,-0.083,-0.237,-0.872,-0.917,-2.425,-0.647
YER056C,0.184,0.5539999999999999,0.614,-0.11199999999999999,0.042,-1.504,-1.405
YBL076C,0.32899999999999996,0.40399999999999997,0.07400000000000001,-0.026000000000000002,-0.217,-1.726,-1.521
YGL046W,-0.493,-0.799,0.054000000000000006,-0.046,-0.785,1.153,1.3319999999999999
YNL061W,0.053,-0.35,-0.5,-1.082,-1.185,-2.1959999999999997,0.40399999999999997
YML100W,0.366,0.295,-0.021,1.2790000000000001,1.443,1.761,2.3409999999999997
YLR448W,0.39399999999999996,0.044000000000000004,-0.306,-0.40399999999999997,-0.504,-1.837,-1.818
YDL154W,-0.777,0.005,-0.5720000000000001,-0.304,-0.396,1.3359999999999999,1.27
YGR256W,0.27,0.20800000000000002,0.28300000000000003,-0.43200000000000005,0.14,1.8259999999999998,1.778
YOR027W,0.266,0.098,-0.42700000000000005,-0.27,0.045,1.317,1.923
YOL153C,-0.18600000000000003,0.002,0.401,0.28800000000000003,0.875,1.454,2.249
YOR161C,-0.009000000000000001,0.18600000000000003,0.42,1.082,1.0190000000000001,2.414,1.71
YOR059C,-0.462,0.021,0.924,0.41600000000000004,0.695,1.287,2.1959999999999997
YER158C,-0.166,0.125,1.068,1.177,1.446,1.5490000000000002,2.378
YCR061W,-0.758,0.087,0.5579999999999999,0.382,0.451,1.758,1.5919999999999999
YLR058C,0.138,0.35,0.757,0.41200000000000003,1.464,-0.889,-0.956
YLR372W,0.168,0.321,0.575,0.151,0.34299999999999997,-1.143,-1.6769999999999998
YAL038W,0.152,0.40700000000000003,0.212,-0.166,-0.16899999999999998,-1.27,-1.915
YFL053W,-1.173,-0.9390000000000001,0.276,-0.34600000000000003,-0.782,0.985,0.8059999999999999
NORF46,-0.247,0.11,0.042,0.684,1.07,0.845,2.3280000000000003
YDR321W,0.049,0.175,0.157,-0.363,-0.19,-1.811,-1.712
YBL024W,0.41200000000000003,0.07400000000000001,0.068,-0.413,-0.574,-1.909,-1.51
YKR057W,0.344,-0.032,0.12,0.122,-0.134,-1.465,-1.831
YDL024C,-1.1340000000000001,-1.5119999999999998,-0.469,-0.493,-0.725,0.639,0.8270000000000001
YGL045W,-0.215,-0.29100000000000004,-0.15,0.08800000000000001,0.396,1.591,1.745
YLL008W,0.212,0.142,-0.153,-1.084,-0.861,-1.874,-1.75
YBR247C,0.062,-0.16,-0.145,-1.0090000000000001,-0.9329999999999999,-1.186,-2.436
YOL117W,-0.39799999999999996,-0.061,0.278,0.5670000000000001,0.818,1.756,1.8630000000000002
YKL067W,-0.01,-0.057,-0.13699999999999998,0.584,0.841,2.1959999999999997,1.344
YHR010W,0.617,0.41700000000000004,0.535,0.214,0.221,-1.033,-1.584
YDL244W,-0.6629999999999999,-0.040999999999999995,-0.128,-0.701,-0.665,1.33,1.143
YGR194C,-0.327,-0.10800000000000001,0.28600000000000003,0.907,1.3030000000000002,1.722,1.7890000000000001
YDL022W,0.272,0.177,0.11800000000000001,1.19,1.2690000000000001,2.133,2.037
YBR214W,-0.034,0.231,0.409,0.7090000000000001,0.484,2.219,1.8769999999999998
YJL088W,-0.256,-0.607,-0.596,-0.179,-0.391,0.10800000000000001,1.859
YNL115C,-0.316,0.053,0.287,0.067,0.946,1.817,1.756
YOR041C,-0.005,0.057999999999999996,-0.365,-0.08,0.26,1.952,1.358
YKL009W,-0.106,-0.35200000000000004,-0.226,-0.5870000000000001,-0.868,-2.075,-2.148
YOR388C,-0.469,-1.364,0.575,-0.08199999999999999,-0.114,1.234,0.6970000000000001
YPR144C,0.12,0.16699999999999998,-0.11900000000000001,-1.028,-1.087,-1.827,-1.784
YBR052C,0.049,0.105,0.65,1.31,0.917,2.401,1.715
YER015W,-0.444,-0.19399999999999998,0.313,-0.14,-0.228,1.227,1.81
YBR067C,0.184,0.345,0.225,0.336,0.292,1.7619999999999998,2.246
YIL057C,-0.341,-0.349,-0.06,-0.08800000000000001,-0.397,0.5539999999999999,1.982
YJL153C,-0.639,-0.348,0.332,0.009000000000000001,-0.306,1.3459999999999999,1.546
YOR234C,0.132,0.13699999999999998,-0.20800000000000002,-0.177,-0.254,-1.669,-1.916
YLR197W,0.494,0.467,0.7909999999999999,0.127,0.062,-0.805,-1.633
YKR016W,0.106,0.12,0.466,0.7340000000000001,1.15,2.199,1.9969999999999999
YNL174W,0.102,-0.047,-0.081,-0.785,-0.605,-2.4019999999999997,-0.825
YGL212W,-1.051,-0.889,0.028999999999999998,-0.182,0.33299999999999996,1.2819999999999998,0.8370000000000001
YLR252W,-0.071,-0.044000000000000004,-0.057,0.96,0.9420000000000001,2.229,1.128
YBR019C,-0.568,-0.327,0.5770000000000001,0.055,-1.067,0.934,1.305
YIL146C,-0.11199999999999999,-0.495,-0.209,-0.523,-0.759,0.95,1.5219999999999998
YMR300C,-0.1,0.151,0.155,0.348,0.902,-1.12,-1.517
YEL041W,-0.768,-0.512,0.461,-0.012,0.358,1.102,1.6340000000000001
YDL148C,0.109,0.042,0.243,-0.617,-0.779,-1.367,-2.05
YLR295C,0.077,-0.022000000000000002,-0.309,0.306,0.39799999999999996,1.734,1.8030000000000002
YOR153W,0.258,0.215,0.062,-0.153,-0.511,-1.798,-1.5619999999999998
YKL016C,-0.185,-0.225,-0.33299999999999996,-0.028999999999999998,0.321,1.5819999999999999,1.6130000000000002
YNL037C,0.027000000000000003,0.318,-0.03,0.488,0.511,1.7409999999999999,2.127
YBR287W,-0.358,0.138,1.14,0.813,0.121,2.0180000000000002,1.495
YDL153C,0.491,0.217,0.273,-0.63,-1.172,-1.495,-1.3730000000000002
YDR216W,0.03,0.055,-0.265,0.10800000000000001,0.18100000000000002,1.2890000000000001,2.0580000000000003
YGR124W,0.581,0.6509999999999999,0.484,-0.159,-0.297,-1.334,-1.3
YLL023C,0.16,0.09,0.484,0.74,0.9209999999999999,2.386,1.7380000000000002
YER061C,-0.991,-0.182,0.9,0.42,0.794,1.595,0.9079999999999999
YLR264W,0.2,0.134,0.514,0.45,0.066,-1.204,-1.6219999999999999
YPL142C,0.153,-0.222,0.026000000000000002,0.08,-0.195,-1.5530000000000002,-1.909
NORF32,-0.011000000000000001,0.243,0.161,0.485,0.139,-1.589,-1.4140000000000001
YGL147C,0.465,0.39299999999999996,0.536,0.295,0.22399999999999998,-1.054,-1.568
YDR282C,-0.654,-1.122,-0.06,0.016,-0.07400000000000001,1.28,0.988
YNL060C,0.09699999999999999,-0.027999999999999997,-0.226,-0.882,-1.114,-2.052,-1.749
YDL181W,-0.153,0.353,0.379,0.8420000000000001,0.509,1.7369999999999999,2.231
YCR091W,-0.317,-0.198,-0.19,0.24,0.136,1.754,1.465
YBR001C,0.129,-0.02,0.426,0.88,-0.402,1.31,2.0340000000000003
YPR074C,0.568,0.603,0.425,0.309,0.429,-1.242,-1.261
YIL098C,-0.289,-0.45899999999999996,0.01,0.366,0.175,2.083,0.598
YDR037W,0.135,0.376,-0.20199999999999999,-0.35600000000000004,-0.287,-1.8659999999999999,-1.544
YDR402C,-1.025,-0.8109999999999999,-0.195,-0.845,-1.406,0.737,0.68
YER098W,-0.08800000000000001,-0.271,0.301,0.359,-0.249,1.625,1.702
YBR092C,0.12300000000000001,0.235,0.174,-0.257,-0.6990000000000001,-1.551,-1.801
YNL182C,0.12,0.04,0.14300000000000002,-0.8759999999999999,-0.67,-1.945,-1.568
YNL327W,0.17300000000000001,0.04,-0.159,-0.43,-0.701,-1.955,-1.699
YKL162C,-0.162,-0.583,-0.10099999999999999,0.21600000000000003,-0.55,1.755,0.8540000000000001
YOR052C,0.109,0.298,0.424,0.627,0.655,2.436,1.632
YBR039W,0.18,-0.059000000000000004,0.377,0.23199999999999998,0.737,1.588,2.217
YDR132C,-1.464,-0.898,0.457,-0.159,0.139,0.8290000000000001,0.616
YDR012W,0.161,0.42,0.18600000000000003,0.321,0.252,-1.014,-1.76
YGL047W,-0.038,-0.11699999999999999,-0.12,0.42700000000000005,0.7929999999999999,2.1519999999999997,1.159
YGL023C,-0.701,-0.867,0.258,-0.5710000000000001,-1.2819999999999998,0.752,0.852
YAL003W,0.305,0.146,-0.129,-0.444,-0.7070000000000001,-1.499,-1.935
YER020W,-0.677,-0.12,0.615,0.257,-0.21100000000000002,1.724,1.172
YCR015C,-0.231,-1.676,0.364,0.39399999999999996,-0.032,0.856,0.585
YOL071W,0.012,0.033,0.371,0.599,0.531,2.141,1.7519999999999998
YOR358W,-1.55,-1.932,-0.465,-0.7909999999999999,-0.423,0.303,0.209
YCR105W,-1.22,-0.809,0.22899999999999998,0.79,-0.127,0.92,0.7490000000000001
YJL194W,-0.14300000000000002,-0.483,-1.359,-1.3019999999999998,-1.329,-1.382,-2.783
YPL265W,0.012,0.077,-0.698,-0.335,-0.7709999999999999,0.011000000000000001,1.732
YNL110C,0.03,-0.035,-0.071,-0.7170000000000001,-0.7090000000000001,-1.911,-1.875
YER117W,0.20600000000000002,0.203,0.111,0.337,0.125,-1.148,-1.7830000000000001
YGL088W,-0.457,-1.9380000000000002,-0.5920000000000001,-0.20800000000000002,-0.43799999999999994,0.067,0.8320000000000001
YAR074C,0.385,0.462,0.193,-0.237,-0.38,-1.584,-1.421
YLR300W,0.124,0.521,0.9540000000000001,0.5820000000000001,0.6829999999999999,-0.7170000000000001,-1.324
YMR097C,0.081,0.10300000000000001,0.528,0.371,-1.13,1.465,1.104
YMR242C,0.36200000000000004,0.212,0.25,0.061,0.037000000000000005,-1.396,-1.611
YPL043W,0.28600000000000003,0.20600000000000002,0.335,-0.995,-1.0270000000000001,-1.274,-1.632
YHL001W,0.289,0.07200000000000001,0.12300000000000001,0.306,0.05,-1.4580000000000002,-1.5919999999999999
YDR223W,-0.912,-0.055999999999999994,0.937,0.138,0.833,1.242,1.4369999999999998
YPR002W,-0.17600000000000002,-0.102,-0.349,0.03,-0.594,0.126,1.933
YDL245C,-0.122,-0.3,0.365,0.305,-0.317,1.505,1.6909999999999998
YKL181W,0.242,0.161,-0.126,-0.428,-0.6579999999999999,-1.824,-1.6540000000000001
YBR062C,-0.364,-1.033,-0.127,-0.018000000000000002,-0.29,1.508,0.779
YHR104W,0.345,0.38,0.495,0.893,1.092,2.6180000000000003,1.694
YOR335C,0.49700000000000005,0.535,-0.032,-0.479,-0.528,-1.669,-1.238
YEL040W,0.28300000000000003,0.37200000000000005,0.489,-0.523,-0.5760000000000001,-1.089,-1.7309999999999999
YBR026C,-0.5379999999999999,-0.316,0.39,0.7809999999999999,0.389,1.649,1.4980000000000002
YLR219W,0.086,0.141,0.149,0.305,0.375,1.972,1.828
YDR382W,0.16699999999999998,0.25,0.011000000000000001,0.27899999999999997,0.271,-0.539,-1.9880000000000002
YEL069C,-0.722,-0.57,0.322,-0.18899999999999997,-0.146,1.237,1.357
YDR130C,-1.3459999999999999,-0.915,0.551,0.08199999999999999,0.09699999999999999,0.9279999999999999,0.5579999999999999
YOL077C,0.316,0.125,-0.01,-0.626,-0.034,-1.43,-1.821
YHL032C,-0.10099999999999999,-0.18600000000000003,0.13699999999999998,0.09,0.235,1.4080000000000001,1.95
YBR269C,-0.08199999999999999,-0.243,-0.204,0.366,0.782,1.756,1.5430000000000001
YIL024C,-0.27,-0.603,-0.628,-0.47200000000000003,-0.8959999999999999,1.2009999999999998,0.948
YGL103W,0.281,0.248,-0.015,0.062,-0.065,-1.433,-1.703
YPL198W,0.136,-0.19,-0.057999999999999996,-0.466,-0.38299999999999995,-1.761,-1.912
YOR273C,-0.012,0.102,0.456,1.099,0.961,1.925,2.066
YCL042W,-0.387,-0.02,0.067,0.479,1.806,1.555,0.873
YIL069C,-0.018000000000000002,-0.31,-0.524,-0.415,-0.483,-1.946,-2.066
YDR342C,0.24,0.55,0.878,1.722,1.932,2.3819999999999997,2.023
YHL022C,-0.846,-0.564,0.299,0.14800000000000002,0.769,1.518,0.838
YFR022W,-0.794,-0.8170000000000001,0.682,0.21600000000000003,-0.327,1.073,1.081
YDR450W,0.506,0.17800000000000002,0.033,-0.139,0.158,-1.375,-1.5959999999999999
YDL023C,0.228,0.342,-0.14800000000000002,1.095,1.2309999999999999,1.797,2.019
YER096W,0.09,0.192,0.469,0.40399999999999997,-0.257,0.902,2.2569999999999997
YMR031C,-0.055,0.113,0.287,0.605,1.0859999999999999,1.188,2.319
YNL013C,0.218,0.217,0.207,-0.209,-0.441,-1.963,-1.061
YMR210W,0.17800000000000002,-0.10300000000000001,0.506,0.479,-0.39799999999999996,2.051,1.109
YDR329C,-0.03,0.026000000000000002,0.268,0.218,0.632,1.893,1.796
YBR218C,0.293,0.456,-0.473,-0.25,-0.098,-0.537,1.8359999999999999
YCR062W,-0.11599999999999999,1.72,0.361,0.08199999999999999,0.257,0.41200000000000003,1.946
YDL082W,0.258,0.131,-0.214,-0.156,-0.263,-1.7080000000000002,-1.6569999999999998
YDR436W,-0.162,0.079,-0.5579999999999999,-0.203,-0.154,1.777,0.9359999999999999
YJL148W,0.153,-0.001,0.092,-0.569,-0.449,-1.263,-2.066
YJL027C,-0.809,-0.652,-1.197,-0.611,-0.659,0.40299999999999997,1.155
YLR061W,0.518,0.14400000000000002,0.153,-0.027999999999999997,0.102,-1.3969999999999998,-1.525
YKL191W,0.152,-0.001,-0.337,-1.0590000000000002,-1.078,-2.249,-0.883
YDR471W,0.431,0.2,0.08800000000000001,-0.311,0.078,-1.37,-1.643
YPL114W,-0.24100000000000002,-1.347,-0.079,0.10800000000000001,0.021,1.125,0.9390000000000001
YDL124W,0.028999999999999998,-0.203,-0.16,0.7190000000000001,0.852,2.062,1.082
YMR133W,-0.391,-0.059000000000000004,0.24,0.34600000000000003,0.997,1.67,1.64
YGL078C,0.068,-0.069,0.249,-0.632,-0.631,-1.4269999999999998,-1.962
YKL044W,0.054000000000000006,-0.192,-0.581,-0.26899999999999996,-0.395,0.48100000000000004,1.805
YPL165C,-0.20800000000000002,0.026000000000000002,0.43,0.41600000000000004,0.529,1.6780000000000002,1.949
YPR136C,0.158,-0.13,-0.88,-0.693,-1.02,-2.387,-1.0090000000000001
YOR095C,0.036000000000000004,0.05,0.083,-0.605,-0.6990000000000001,-2.093,0.196
YNL100W,-0.24,-0.10300000000000001,-0.182,0.527,0.8320000000000001,1.5759999999999998,1.671
YHL024W,-0.172,-0.095,0.39,0.34700000000000003,0.696,1.485,2.02
YGR161C,-0.05,-0.08900000000000001,-1.222,-0.45399999999999996,-0.42700000000000005,0.909,1.1159999999999999
YJL163C,0.168,0.33299999999999996,0.138,0.486,0.381,1.402,2.3080000000000003
YGR085C,0.313,0.275,0.281,0.16399999999999998,0.079,-0.8759999999999999,-1.8
YBR101C,0.158,0.11900000000000001,0.098,0.201,0.39799999999999996,1.705,1.965
YLR075W,0.172,0.33799999999999997,0.013999999999999999,0.024,0.115,-0.8859999999999999,-1.906
YJL122W,0.028999999999999998,-0.10800000000000001,-0.078,-0.885,-0.7709999999999999,-1.745,-1.956
YJL138C,0.344,0.237,0.389,0.099,-0.264,-1.338,-1.528
YLR216C,0.435,0.254,0.19699999999999998,0.56,0.5489999999999999,2.25,1.7619999999999998
YDL131W,0.43700000000000006,0.024,-0.644,-0.976,0.002,-1.91,-1.082
YJL170C,-0.33899999999999997,-0.428,-0.10800000000000001,0.111,0.345,1.8719999999999999,0.8540000000000001
YKR098C,0.1,0.099,-0.024,0.307,-0.623,1.864,0.995
YDR077W,0.34600000000000003,0.715,0.433,1.239,1.7380000000000002,2.377,2.043
YMR023C,-0.047,-0.29600000000000004,0.305,0.419,-1.078,1.263,1.0859999999999999
YER006W,0.515,0.28300000000000003,0.41200000000000003,-0.55,-0.667,-1.4869999999999999,-1.216
YDR125C,-0.268,0.075,-0.024,0.043,0.6829999999999999,1.278,1.9180000000000001
YOL048C,-0.02,0.125,0.212,0.589,0.625,1.9180000000000001,1.8530000000000002
YNL077W,-0.27399999999999997,-0.36,-0.45799999999999996,-0.16699999999999998,-0.10099999999999999,1.315,1.405
YGL225W,0.263,0.436,0.695,0.307,0.11599999999999999,-1.183,-1.3
YKL107W,-0.312,-0.146,0.38799999999999996,0.025,-0.214,1.061,1.854
YBR024W,-0.562,-0.748,-0.243,0.358,-0.17600000000000002,1.476,0.853
YBR285W,-0.13,0.39399999999999996,0.063,-0.045,-0.198,1.849,1.321
YIL144W,-0.439,-1.044,-0.027999999999999997,-0.203,-0.784,1.284,0.581
YPL160W,0.005,0.156,-0.442,-0.156,-0.428,-1.81,-1.702
YBR106W,0.284,0.303,0.124,0.245,0.27399999999999997,-1.037,-1.665
YBL075C,0.133,-0.139,-0.102,0.152,0.405,1.48,1.869
YLR415C,-0.18,-0.21100000000000002,-0.23600000000000002,-0.428,0.373,-0.491,1.7919999999999998
YOR303W,0.242,0.221,0.525,-0.6990000000000001,-0.983,-0.287,1.3980000000000001
YGR094W,0.16399999999999998,0.28800000000000003,-0.10400000000000001,-0.537,-0.23600000000000002,-2.049,0.075
YOL127W,0.247,-0.187,0.035,-0.006,0.13699999999999998,-1.4669999999999999,-1.67
YHL010C,-0.409,-0.159,0.057,0.038,-0.449,1.5330000000000001,1.264
YAR023C,-0.151,0.36,0.149,0.29,-0.889,1.3319999999999999,1.374
YBR093C,0.44299999999999995,0.325,0.8390000000000001,-0.057999999999999996,-0.447,-1.38,-0.972
YLR346C,-0.5379999999999999,-0.6609999999999999,-0.26899999999999996,-0.278,-0.28300000000000003,1.158,1.248
YCR066W,-0.972,-0.040999999999999995,0.107,-0.371,-1.1179999999999999,1.147,0.5
YEL065W,0.395,-0.433,-0.483,-1.146,-1.5719999999999998,-0.10400000000000001,0.6809999999999999
YCL008C,0.257,0.542,-0.24100000000000002,-0.11,-0.562,-0.066,1.865
YGL263W,-1.022,-0.655,0.435,0.057,-0.653,1.14,0.654
YDR449C,-0.047,-0.115,-0.315,-0.499,-0.43,-1.883,-1.879
YKL150W,0.111,0.25,0.027999999999999997,0.6609999999999999,0.8420000000000001,1.9369999999999998,1.859
YDL221W,-0.48700000000000004,1.716,-0.26,-0.321,-0.517,-0.434,0.076
YIR038C,0.185,0.3,0.777,0.9390000000000001,0.98,2.245,2.037
YMR188C,-0.10300000000000001,0.01,0.467,0.281,1.242,2.076,1.225
YGL006W,-0.095,0.08900000000000001,-0.133,0.82,1.013,1.601,1.787
YJL141C,0.672,0.091,-0.006,0.027000000000000003,0.298,2.011,1.4809999999999999
YDR074W,0.243,0.214,0.159,1.255,1.253,2.187,1.594
YDR365C,0.095,0.248,0.14300000000000002,-0.174,-0.43799999999999994,-1.59,-1.58
YLR259C,0.344,0.299,-0.43,0.374,0.469,1.208,2.059
YHL028W,-0.342,0.075,1.291,1.1840000000000002,2.042,1.044,0.919
YMR181C,0.031,0.027000000000000003,0.597,0.792,0.648,1.7990000000000002,2.042
YDR341C,0.313,0.21600000000000003,-0.166,-0.48700000000000004,-0.37,-1.892,-1.2329999999999999
YBR149W,0.092,0.309,0.08900000000000001,0.58,0.9790000000000001,1.976,1.83
YHR171W,-0.536,-0.33899999999999997,0.526,0.386,-0.341,1.1640000000000001,1.5030000000000001
YER179W,-0.733,-1.3219999999999998,0.086,0.053,0.067,0.9740000000000001,0.71
YGL183C,-0.41,-0.9890000000000001,0.237,-0.17600000000000002,-1.29,0.7559999999999999,0.69
YMR202W,0.43200000000000005,0.139,0.299,0.06,0.271,-1.419,-1.294
YGR250C,0.363,0.18600000000000003,0.511,0.637,1.15,1.652,2.358
YMR239C,0.11199999999999999,-0.16399999999999998,0.043,-0.6890000000000001,-0.77,-1.827,-1.6769999999999998
YER165W,0.44299999999999995,0.45399999999999996,-0.07400000000000001,-0.805,-0.98,-1.3980000000000001,-1.287
YCL053C,0.171,0.049,-0.225,-0.638,-0.528,-1.766,-1.71
YLR388W,0.395,0.067,0.428,0.299,0.07400000000000001,-1.207,-1.452
YLR297W,-0.317,0.894,0.574,0.871,0.877,2.0140000000000002,1.8619999999999999
YLR284C,-0.527,-0.655,-0.384,0.136,-0.17,1.508,0.7829999999999999
YDR009W,-0.418,-0.138,-0.155,-0.1,0.085,0.7859999999999999,1.839
YFL040W,-0.9209999999999999,-1.4380000000000002,0.079,-0.336,-0.402,0.643,0.71
YDL167C,0.19,0.177,-0.07400000000000001,-0.435,-0.501,-1.745,-1.536
YOL126C,0.055999999999999994,-0.085,-0.09,-0.261,0.629,1.195,1.825
YMR229C,0.11199999999999999,0.179,0.03,-0.498,-0.691,-1.666,-1.62
YER052C,0.573,0.32299999999999995,0.628,0.013999999999999999,-0.36200000000000004,-1.329,-1.097
YDR255C,-0.165,-0.196,0.147,0.483,-0.512,1.255,1.584
YPR132W,0.16,0.315,0.344,0.332,0.327,-0.9129999999999999,-1.6
YOR133W,0.141,0.397,0.32799999999999996,0.294,0.22,-1.254,-1.391
YEL057C,-0.294,-0.139,0.065,-0.127,-1.379,1.222,0.425
YBL039C,0.192,0.527,0.163,-0.344,-0.9109999999999999,-1.286,-1.463
YDR399W,0.10800000000000001,0.23800000000000002,0.142,-0.136,-0.07,-1.52,-1.536
YKL006W,0.225,0.36200000000000004,0.064,0.141,-0.043,-0.9890000000000001,-1.7480000000000002
YAL060W,0.14800000000000002,0.408,0.11599999999999999,0.727,0.7170000000000001,2.063,1.8219999999999998
YPR116W,-0.39799999999999996,-0.075,0.435,0.135,-1.6469999999999998,0.667,0.41
YDL091C,-0.188,-0.07200000000000001,-0.157,0.177,0.455,1.537,1.615
YDR306C,-0.048,-0.047,0.07,0.077,0.235,1.8840000000000001,1.339
YJL151C,0.042,0.36200000000000004,0.179,0.34600000000000003,0.765,2.024,1.694
YDR447C,0.10300000000000001,-0.11599999999999999,-0.32799999999999996,-0.311,-0.069,-1.751,-1.67
YPL126W,0.179,0.19399999999999998,-0.25,-0.7659999999999999,-1.08,-1.456,-1.7690000000000001
YLR056W,-0.113,-0.193,-0.155,-0.361,-0.4,-2.141,-1.3780000000000001
YFR014C,-0.585,-0.677,0.21100000000000002,0.599,0.68,1.3159999999999998,1.115
YLR083C,0.278,0.223,0.33399999999999996,0.254,0.207,-1.413,-1.242
YBR186W,-0.177,0.986,0.16,-0.41,-0.769,-1.4769999999999999,-0.66
YMR040W,-0.355,-0.469,-0.359,0.41100000000000003,-0.022000000000000002,1.035,1.531
YDR275W,-0.504,-0.7190000000000001,0.17,0.20600000000000002,-0.39,1.1420000000000001,1.222
YGL031C,0.081,0.162,-0.042,0.04,0.23600000000000002,-0.596,-1.94
YDL130W,0.21100000000000002,0.13699999999999998,0.138,0.268,0.267,-0.557,-1.8259999999999998
YDL079C,0.09300000000000001,1.195,0.017,0.102,0.157,1.87,1.401
YDR142C,-0.565,-0.792,-0.067,-0.515,-1.105,1.0490000000000002,0.581
YER074W,0.235,0.055999999999999994,0.326,0.079,-0.095,-1.056,-1.7209999999999999
YDL183C,0.04,-0.312,-0.311,-0.293,-0.677,1.202,1.226
YKL050C,-0.516,-0.321,-0.278,-0.429,-0.247,0.9229999999999999,1.4409999999999998
YLR150W,0.455,0.12300000000000001,-0.111,0.151,-0.068,-0.6890000000000001,-1.8430000000000002
YDR088C,-1.157,-1.205,-0.106,-0.12300000000000001,-0.47,0.688,0.682
YOL116W,-0.415,-0.8109999999999999,0.474,0.121,-0.09300000000000001,1.089,1.3030000000000002
YOL039W,0.115,0.271,0.02,0.168,0.233,-0.07400000000000001,-1.892
YGR027C,0.27899999999999997,0.221,0.3,0.428,0.491,-0.9990000000000001,-1.411
YGR090W,0.226,0.16699999999999998,0.305,-0.647,0.237,-1.7369999999999999,0.29600000000000004
YJR006W,-0.574,-1.649,0.109,-0.018000000000000002,-0.42,0.7290000000000001,0.325
YBL099W,0.41,0.377,0.882,0.807,1.405,1.5030000000000001,2.575
YLR254C,-0.311,-0.24100000000000002,-0.267,0.061,0.138,1.85,0.598
YBL019W,-1.276,-0.193,0.34700000000000003,-0.139,-0.7090000000000001,1.028,0.467
YDR384C,0.132,-0.055999999999999994,-0.45399999999999996,-0.875,-1.473,-1.489,-1.851
YGR118W,0.496,0.374,0.305,0.408,0.507,-1.044,-1.246
YDR076W,-0.763,-0.816,0.461,0.27,-0.27,0.8740000000000001,1.126
YNL332W,-0.7070000000000001,-0.324,0.77,-0.255,0.22899999999999998,0.895,1.41
YJL166W,0.005,-0.24,0.149,0.604,0.746,1.8780000000000001,1.383
YLR212C,0.09,-0.14300000000000002,0.023,-0.129,-0.39,-1.655,-1.6380000000000001
YLR009W,0.175,-0.163,-0.315,-0.578,-0.713,-1.724,-1.817
YBL059W,-0.768,-1.24,0.066,-0.1,0.0,0.8059999999999999,0.853
YDR322W,-0.9640000000000001,-0.677,0.252,0.057,-0.038,0.871,1.159
YPL093W,0.08,-0.07200000000000001,-0.382,-0.716,-1.078,-1.7719999999999998,-1.7930000000000001
YLR289W,-0.121,-0.5660000000000001,-0.135,0.41,-1.11,1.272,0.348
YPL166W,-0.026000000000000002,-0.643,0.107,0.7709999999999999,0.41600000000000004,1.5030000000000001,1.317
YPR006C,-0.35600000000000004,-0.37,-0.41,-0.33299999999999996,0.185,1.005,1.449
YMR195W,-0.095,0.298,0.172,0.449,1.17,1.984,1.4180000000000001
YBR230C,-0.13699999999999998,-0.174,0.26899999999999996,0.478,0.9390000000000001,1.0390000000000001,1.984
YJL108C,-0.505,-0.531,-0.035,-0.207,-1.249,1.0959999999999999,0.511
YLR186W,0.10300000000000001,-0.01,-0.431,-0.784,-0.544,-1.4469999999999998,-2.005
YOL083W,0.045,0.039,0.442,0.5329999999999999,1.4069999999999998,1.463,1.949
YLR185W,0.406,0.163,0.09,0.109,0.109,-1.2309999999999999,-1.4869999999999999
YGR155W,0.272,0.23600000000000002,-0.073,-0.415,-0.743,-1.121,-1.797
YBL038W,0.111,0.087,0.057,0.5429999999999999,0.914,1.8259999999999998,1.692
YDL191W,0.185,-0.045,0.059000000000000004,-0.034,0.106,-1.4180000000000001,-1.556
YAL017W,-0.059000000000000004,0.047,-0.301,0.551,0.7340000000000001,0.895,1.942
YMR308C,0.321,0.10400000000000001,0.02,-0.244,-0.49700000000000005,-1.4680000000000002,-1.5619999999999998
YDR502C,0.36700000000000005,0.316,0.47600000000000003,-0.341,-0.64,-1.368,-1.172
YKL065C,0.009000000000000001,-0.079,-0.047,0.58,1.025,1.983,0.943
YGL152C,-0.242,-1.085,0.157,-0.040999999999999995,-0.08199999999999999,1.3319999999999999,0.6779999999999999
YEL026W,-0.071,-0.18100000000000002,-0.019,-0.395,-0.743,-1.834,-1.6580000000000001
YGL194C,-0.578,-0.738,-0.111,0.01,-1.081,0.9359999999999999,0.762
YBR152W,-0.725,-0.655,0.58,-0.22899999999999998,-1.172,0.852,0.35
YHR002W,0.035,-0.41100000000000003,0.294,0.134,-0.8320000000000001,1.264,1.103
YDR019C,0.04,0.6559999999999999,0.852,1.55,2.345,0.66,0.63
YGR059W,-0.64,-0.772,-0.184,0.564,-0.879,1.024,0.504
YNR034W,-0.08,-0.27899999999999997,-0.516,-0.16699999999999998,-0.226,1.605,0.76
YBL013W,-0.879,-1.345,-0.111,-1.228,-0.8390000000000001,0.8440000000000001,-0.611
YHL047C,-0.53,-0.564,0.08,-0.48100000000000004,-0.845,0.614,1.2309999999999999
YPL090C,0.321,0.209,0.456,0.4,0.307,-1.2209999999999999,-1.1740000000000002
YJR036C,-0.46299999999999997,-0.542,-0.315,0.115,-0.259,1.129,1.25
YEL037C,-0.893,-0.29100000000000004,0.317,-0.24,-0.831,1.092,0.696
YNL146W,-0.39899999999999997,-0.363,-0.247,0.12300000000000001,0.37,1.315,1.3530000000000002
YGL205W,-0.20800000000000002,-0.669,0.462,0.015,-1.181,0.6859999999999999,0.907
YLR441C,0.149,0.325,0.068,-0.042,0.254,-0.594,-1.795
YKL090W,-0.161,-0.003,0.7170000000000001,0.19899999999999998,-1.074,1.166,0.8370000000000001
YOR237W,-0.972,-0.425,0.654,-0.45299999999999996,-0.162,0.76,1.026
YLR395C,0.133,0.124,0.371,0.537,1.181,1.4469999999999998,2.095
YER095W,-0.833,0.36200000000000004,0.425,-0.20600000000000002,-0.285,1.31,0.99
YKL171W,-0.057,0.244,-0.147,-0.192,-0.003,1.0659999999999998,1.7719999999999998
YKL082C,0.14,-0.11699999999999999,-0.239,-0.878,-0.767,-1.645,-1.797
YER086W,0.222,0.376,0.778,0.314,0.006,-0.883,-1.308
YLR044C,0.151,0.036000000000000004,-0.19899999999999998,0.002,-0.315,-1.1540000000000001,-1.855
YJL098W,0.022000000000000002,-0.282,-0.363,0.085,-0.728,-1.795,0.535
YFL058W,-0.8220000000000001,-1.109,-0.239,-0.392,-0.93,0.6759999999999999,0.727
YCR057C,0.195,0.12,0.171,-0.741,-1.595,-0.9129999999999999,0.379
YOR389W,-0.266,-0.212,0.29600000000000004,-0.022000000000000002,-0.45799999999999996,1.252,1.381
YLR344W,-0.001,-0.16,-0.44,-0.494,-0.331,-1.5330000000000001,-1.97
YJR156C,-0.382,-0.684,-0.32799999999999996,0.011000000000000001,-0.324,1.196,1.056
YBR069C,0.386,0.24600000000000002,0.301,-0.564,-0.815,-1.607,0.098
YOL131W,-0.56,-0.58,-0.763,-0.10800000000000001,-0.54,0.5539999999999999,1.247
YOR293W,0.396,-0.012,-0.011000000000000001,-0.114,-0.10400000000000001,-1.359,-1.537
YKR032W,-0.019,-0.252,-0.682,-0.027999999999999997,-1.463,0.46299999999999997,0.795
YMR155W,-0.26899999999999996,-0.429,0.9079999999999999,0.662,0.55,1.629,1.183
YIL099W,-0.557,-0.374,-0.504,0.005,-0.34299999999999997,0.804,1.361
YGL096W,-0.504,-0.267,-0.23,0.172,0.182,1.337,1.273
YML022W,0.223,0.446,0.635,0.275,-0.139,-0.91,-1.348
YNL247W,0.054000000000000006,-0.026000000000000002,-0.301,-0.18100000000000002,-0.354,-1.492,-1.791
YOR285W,-0.185,0.009000000000000001,0.509,0.785,1.207,1.847,1.391
YER043C,0.603,0.41700000000000004,0.621,-0.401,-0.205,-0.943,-1.204
YBR137W,-0.113,0.565,-0.239,0.292,0.303,1.932,0.985
YHL039W,0.066,0.087,0.12300000000000001,-0.674,-0.873,-0.535,-1.9380000000000002
YDR358W,-0.044000000000000004,-0.129,0.14,0.8170000000000001,0.66,1.9569999999999999,1.0859999999999999
YDR254W,-0.7909999999999999,-0.789,0.38299999999999995,0.28600000000000003,0.312,0.9940000000000001,0.991
YCLX09W,0.249,0.174,-0.18,-0.028999999999999998,-0.059000000000000004,-0.32899999999999996,1.851
YDL063C,0.015,0.141,-0.36700000000000005,-0.755,-1.0270000000000001,-1.651,-1.6669999999999998
YOR181W,-0.688,-0.293,0.665,-0.125,0.19,1.001,1.3519999999999999
YJL100W,-0.22899999999999998,-0.185,-0.155,-0.039,0.207,1.489,1.2990000000000002
YLR343W,-0.5720000000000001,-0.33799999999999997,0.568,0.509,1.466,1.15,0.6779999999999999
YJR071W,0.006999999999999999,-0.205,-0.515,-0.47600000000000003,-0.515,-1.8119999999999998,-1.7790000000000001
YGL258W,-0.6709999999999999,-1.204,0.36700000000000005,0.27699999999999997,-0.505,0.802,0.507
YGL199C,0.146,0.023,0.028999999999999998,0.44299999999999995,0.797,1.912,1.3940000000000001
YKL056C,0.163,0.363,0.24100000000000002,0.24600000000000002,0.225,-0.922,-1.504
YJL046W,-0.727,-1.002,0.534,0.34299999999999997,0.204,1.034,0.565
YMR049C,0.131,-0.14800000000000002,-0.27399999999999997,-0.745,-0.894,-1.6880000000000002,-1.733
YBR031W,0.256,0.507,0.632,0.504,0.33899999999999997,-0.741,-1.264
YER002W,0.244,0.22899999999999998,-0.038,-0.765,-0.628,-1.71,-1.127
YJL188C,0.08800000000000001,0.447,-0.039,0.24600000000000002,0.057999999999999996,-1.089,-1.486
YOR369C,0.16399999999999998,0.34299999999999997,0.162,0.345,0.163,-0.5820000000000001,-1.649
YAL036C,0.187,0.128,0.326,-0.48200000000000004,-0.353,-1.178,-1.6059999999999999
YKL198C,-0.6729999999999999,-0.495,-0.223,-0.29100000000000004,-1.76,0.665,-0.077
YMR136W,-0.384,0.23199999999999998,0.75,0.35700000000000004,0.9059999999999999,1.469,1.734
YDL051W,0.185,0.6759999999999999,0.152,-0.308,-0.6709999999999999,-1.327,-1.1
